{"count":1,"self":54.6917312,"total":192.50213399999998,"children":{"InitializeActuators":{"count":16,"self":0.00091099999999999992,"total":0.00091099999999999992,"children":null},"InitializeSensors":{"count":16,"self":0.001714,"total":0.001714,"children":null},"AgentSendState":{"count":80134,"self":7.4120608,"total":10.928963999999999,"children":{"CollectObservations":{"count":256432,"self":0.294004,"total":0.294004,"children":null},"WriteActionMask":{"count":256432,"self":0.073702999999999991,"total":0.073702999999999991,"children":null},"RequestDecision":{"count":256432,"self":0.386401,"total":3.149196,"children":{"AgentInfo.ToProto":{"count":256432,"self":0.34371199999999996,"total":2.7627949999999997,"children":{"GenerateSensorData":{"count":256432,"self":2.1887469999999998,"total":2.419083,"children":{"RayPerceptionSensor.Perceive":{"count":256432,"self":0.23033599999999999,"total":0.23033599999999999,"children":null}}}}}}}}},"DecideAction":{"count":80134,"self":123.897088,"total":123.897088,"children":null},"AgentAct":{"count":80134,"self":2.970582,"total":2.979437,"children":{"AgentInfo.ToProto":{"count":584,"self":0.001382,"total":0.008855,"children":{"GenerateSensorData":{"count":584,"self":0.006561,"total":0.007473,"children":{"RayPerceptionSensor.Perceive":{"count":584,"self":0.00091199999999999994,"total":0.00091199999999999994,"children":null}}}}}}},"AgentInfo.ToProto":{"count":104,"self":0.00031999999999999997,"total":0.00178,"children":{"GenerateSensorData":{"count":104,"self":0.0012749999999999999,"total":0.00146,"children":{"RayPerceptionSensor.Perceive":{"count":104,"self":0.000185,"total":0.000185,"children":null}}}}}},"gauges":{"MoveToFinish.CumulativeReward":{"count":688,"max":198.800232,"min":-238.496216,"runningAverage":-0.323371679,"value":-28.1809273,"weightedAverage":-12.0288849}},"metadata":{"timer_format_version":"0.1.0","start_time_seconds":"1672119038","unity_version":"2021.3.11f1","command_line_arguments":"\/Applications\/Unity\/Hub\/Editor\/2021.3.11f1\/Unity.app\/Contents\/MacOS\/Unity -projectpath \/Users\/henry\/Desktop\/Coding Projects\/UnityMLAgentsDemo -useHub -hubIPC -cloudEnvironment production -licensingIpc LicenseClient-henry -hubSessionId 612eb3d0-8572-11ed-a096-15a7a25c4fde","communication_protocol_version":"1.5.0","com.unity.ml-agents_version":"2.0.1","scene_name":"ObstacleCourse","end_time_seconds":"1672119231"}}