{"count":1,"self":123.1704192,"total":351.03628499999996,"children":{"InitializeActuators":{"count":16,"self":0.00095599999999999993,"total":0.00095599999999999993,"children":null},"InitializeSensors":{"count":16,"self":0.003411,"total":0.003411,"children":null},"AgentSendState":{"count":129184,"self":11.805299999999999,"total":17.389457999999998,"children":{"CollectObservations":{"count":413392,"self":0.487569,"total":0.487569,"children":null},"WriteActionMask":{"count":413392,"self":0.12781299999999998,"total":0.12781299999999998,"children":null},"RequestDecision":{"count":413392,"self":0.612413,"total":4.968776,"children":{"AgentInfo.ToProto":{"count":413392,"self":0.548636,"total":4.356363,"children":{"GenerateSensorData":{"count":413392,"self":3.4336767999999998,"total":3.807727,"children":{"RayPerceptionSensor.Perceive":{"count":413392,"self":0.37405,"total":0.37405,"children":null}}}}}}}}},"DecideAction":{"count":129184,"self":205.6559488,"total":205.655947,"children":null},"AgentAct":{"count":129184,"self":4.7936888,"total":4.808192,"children":{"AgentInfo.ToProto":{"count":911,"self":0.002254,"total":0.014502999999999999,"children":{"GenerateSensorData":{"count":911,"self":0.010698,"total":0.012249,"children":{"RayPerceptionSensor.Perceive":{"count":911,"self":0.0015509999999999999,"total":0.0015509999999999999,"children":null}}}}}}},"AgentInfo.ToProto":{"count":417,"self":0.001364,"total":0.007427,"children":{"GenerateSensorData":{"count":417,"self":0.005258,"total":0.006063,"children":{"RayPerceptionSensor.Perceive":{"count":417,"self":0.00080499999999999994,"total":0.00080499999999999994,"children":null}}}}}},"gauges":{"MoveToFinish.CumulativeReward":{"count":1328,"max":201.515015,"min":-417.4974,"runningAverage":3.68194771,"value":-0.2812015,"weightedAverage":49.7350845}},"metadata":{"timer_format_version":"0.1.0","start_time_seconds":"1672118493","unity_version":"2021.3.11f1","command_line_arguments":"\/Applications\/Unity\/Hub\/Editor\/2021.3.11f1\/Unity.app\/Contents\/MacOS\/Unity -projectpath \/Users\/henry\/Desktop\/Coding Projects\/UnityMLAgentsDemo -useHub -hubIPC -cloudEnvironment production -licensingIpc LicenseClient-henry -hubSessionId 612eb3d0-8572-11ed-a096-15a7a25c4fde","communication_protocol_version":"1.5.0","com.unity.ml-agents_version":"2.0.1","scene_name":"ObstacleCourse","end_time_seconds":"1672118844"}}